"filename", "language", "Python", "Shell Script", "Batch", "pip requirements", "JavaScript", "Markdown", "PostCSS", "HTML", "Ini", "MS SQL", "Docker", "comment", "blank", "total"
"c:\Users\tyler\Documents\Coding\Flask\cwmt\Dockerfile", "Docker", 0, 0, 0, 0, 0, 0, 0, 0, 0, 0, 17, 15, 11, 43
"c:\Users\tyler\Documents\Coding\Flask\cwmt\config.py", "Python", 38, 0, 0, 0, 0, 0, 0, 0, 0, 0, 0, 23, 21, 82
"c:\Users\tyler\Documents\Coding\Flask\cwmt\docs\DEPLOYMENT_MIGRATION.md", "Markdown", 0, 0, 0, 0, 0, 112, 0, 0, 0, 0, 0, 0, 34, 146
"c:\Users\tyler\Documents\Coding\Flask\cwmt\docs\EMAIL_ENCRYPTION_FIX.md", "Markdown", 0, 0, 0, 0, 0, 80, 0, 0, 0, 0, 0, 0, 18, 98
"c:\Users\tyler\Documents\Coding\Flask\cwmt\docs\todo\flask_mail\email-purposes.md", "Markdown", 0, 0, 0, 0, 0, 467, 0, 0, 0, 0, 0, 0, 82, 549
"c:\Users\tyler\Documents\Coding\Flask\cwmt\docs\todo\flask_mail\sql-tables.md", "Markdown", 0, 0, 0, 0, 0, 245, 0, 0, 0, 0, 0, 0, 66, 311
"c:\Users\tyler\Documents\Coding\Flask\cwmt\docs\todo\flask_mail\user-stories.md", "Markdown", 0, 0, 0, 0, 0, 185, 0, 0, 0, 0, 0, 0, 53, 238
"c:\Users\tyler\Documents\Coding\Flask\cwmt\docs\todo\frontend\style_description.md", "Markdown", 0, 0, 0, 0, 0, 219, 0, 0, 0, 0, 0, 0, 61, 280
"c:\Users\tyler\Documents\Coding\Flask\cwmt\docs\todo\stripe\integration-plan.md", "Markdown", 0, 0, 0, 0, 0, 112, 0, 0, 0, 0, 0, 0, 28, 140
"c:\Users\tyler\Documents\Coding\Flask\cwmt\docs\todo\stripe\user-stories-flow.md", "Markdown", 0, 0, 0, 0, 0, 283, 0, 0, 0, 0, 0, 0, 83, 366
"c:\Users\tyler\Documents\Coding\Flask\cwmt\fix_column.sql", "MS SQL", 0, 0, 0, 0, 0, 0, 0, 0, 0, 3, 0, 4, 3, 10
"c:\Users\tyler\Documents\Coding\Flask\cwmt\migrations\alembic.ini", "Ini", 0, 0, 0, 0, 0, 0, 0, 0, 38, 0, 0, 0, 13, 51
"c:\Users\tyler\Documents\Coding\Flask\cwmt\migrations\env.py", "Python", 54, 0, 0, 0, 0, 0, 0, 0, 0, 0, 0, 34, 26, 114
"c:\Users\tyler\Documents\Coding\Flask\cwmt\migrations\versions\a1b2c3d4e5f6_rename_mail_password_hash_to_encrypted.py", "Python", 20, 0, 0, 0, 0, 0, 0, 0, 0, 0, 0, 15, 7, 42
"c:\Users\tyler\Documents\Coding\Flask\cwmt\migrations\versions\bdb5548afc4c_initial_migration_with_all_tables.py", "Python", 292, 0, 0, 0, 0, 0, 0, 0, 0, 0, 0, 12, 29, 333
"c:\Users\tyler\Documents\Coding\Flask\cwmt\requirements.txt", "pip requirements", 0, 0, 0, 32, 0, 0, 0, 0, 0, 0, 0, 0, 1, 33
"c:\Users\tyler\Documents\Coding\Flask\cwmt\reset_db.bat", "Batch", 0, 0, 19, 0, 0, 0, 0, 0, 0, 0, 0, 4, 5, 28
"c:\Users\tyler\Documents\Coding\Flask\cwmt\reset_db.sh", "Shell Script", 0, 16, 0, 0, 0, 0, 0, 0, 0, 0, 0, 5, 5, 26
"c:\Users\tyler\Documents\Coding\Flask\cwmt\run.py", "Python", 4, 0, 0, 0, 0, 0, 0, 0, 0, 0, 0, 0, 3, 7
"c:\Users\tyler\Documents\Coding\Flask\cwmt\src\__init__ copy.py", "Python", 91, 0, 0, 0, 0, 0, 0, 0, 0, 0, 0, 21, 41, 153
"c:\Users\tyler\Documents\Coding\Flask\cwmt\src\__init__.py", "Python", 124, 0, 0, 0, 0, 0, 0, 0, 0, 0, 0, 31, 50, 205
"c:\Users\tyler\Documents\Coding\Flask\cwmt\src\controllers\announcements.py", "Python", 108, 0, 0, 0, 0, 0, 0, 0, 0, 0, 0, 13, 35, 156
"c:\Users\tyler\Documents\Coding\Flask\cwmt\src\controllers\courses\course_instances.py", "Python", 182, 0, 0, 0, 0, 0, 0, 0, 0, 0, 0, 22, 52, 256
"c:\Users\tyler\Documents\Coding\Flask\cwmt\src\controllers\courses\course_template.py", "Python", 85, 0, 0, 0, 0, 0, 0, 0, 0, 0, 0, 9, 15, 109
"c:\Users\tyler\Documents\Coding\Flask\cwmt\src\controllers\courses\payable_template.py", "Python", 57, 0, 0, 0, 0, 0, 0, 0, 0, 0, 0, 8, 15, 80
"c:\Users\tyler\Documents\Coding\Flask\cwmt\src\controllers\enrollment_management.py", "Python", 142, 0, 0, 0, 0, 0, 0, 0, 0, 0, 0, 18, 45, 205
"c:\Users\tyler\Documents\Coding\Flask\cwmt\src\controllers\flask_mail\mail_routes.py", "Python", 167, 0, 0, 0, 0, 0, 0, 0, 0, 0, 0, 16, 38, 221
"c:\Users\tyler\Documents\Coding\Flask\cwmt\src\controllers\flask_mail\seed_templates.py", "Python", 320, 0, 0, 0, 0, 0, 0, 0, 0, 0, 0, 11, 68, 399
"c:\Users\tyler\Documents\Coding\Flask\cwmt\src\controllers\payments\__init__.py", "Python", 0, 0, 0, 0, 0, 0, 0, 0, 0, 0, 0, 1, 1, 2
"c:\Users\tyler\Documents\Coding\Flask\cwmt\src\controllers\payments\payment_management.py", "Python", 74, 0, 0, 0, 0, 0, 0, 0, 0, 0, 0, 14, 26, 114
"c:\Users\tyler\Documents\Coding\Flask\cwmt\src\controllers\payments\stripe_payments.py", "Python", 158, 0, 0, 0, 0, 0, 0, 0, 0, 0, 0, 24, 33, 215
"c:\Users\tyler\Documents\Coding\Flask\cwmt\src\controllers\payments\stripe_webhooks.py", "Python", 92, 0, 0, 0, 0, 0, 0, 0, 0, 0, 0, 24, 32, 148
"c:\Users\tyler\Documents\Coding\Flask\cwmt\src\controllers\routes.py", "Python", 36, 0, 0, 0, 0, 0, 0, 0, 0, 0, 0, 6, 20, 62
"c:\Users\tyler\Documents\Coding\Flask\cwmt\src\controllers\seeding.py", "Python", 76, 0, 0, 0, 0, 0, 0, 0, 0, 0, 0, 4, 8, 88
"c:\Users\tyler\Documents\Coding\Flask\cwmt\src\controllers\users\admin.py", "Python", 145, 0, 0, 0, 0, 0, 0, 0, 0, 0, 0, 19, 39, 203
"c:\Users\tyler\Documents\Coding\Flask\cwmt\src\controllers\users\auth.py", "Python", 217, 0, 0, 0, 0, 0, 0, 0, 0, 0, 0, 32, 45, 294
"c:\Users\tyler\Documents\Coding\Flask\cwmt\src\controllers\users\instructor.py", "Python", 25, 0, 0, 0, 0, 0, 0, 0, 0, 0, 0, 8, 7, 40
"c:\Users\tyler\Documents\Coding\Flask\cwmt\src\controllers\users\student.py", "Python", 478, 0, 0, 0, 0, 0, 0, 0, 0, 0, 0, 79, 135, 692
"c:\Users\tyler\Documents\Coding\Flask\cwmt\src\controllers\users\superuser.py", "Python", 128, 0, 0, 0, 0, 0, 0, 0, 0, 0, 0, 17, 34, 179
"c:\Users\tyler\Documents\Coding\Flask\cwmt\src\dev\database.py", "Python", 116, 0, 0, 0, 0, 0, 0, 0, 0, 0, 0, 16, 20, 152
"c:\Users\tyler\Documents\Coding\Flask\cwmt\src\dev\people.py", "Python", 86, 0, 0, 0, 0, 0, 0, 0, 0, 0, 0, 2, 5, 93
"c:\Users\tyler\Documents\Coding\Flask\cwmt\src\models\announcements.py", "Python", 34, 0, 0, 0, 0, 0, 0, 0, 0, 0, 0, 13, 17, 64
"c:\Users\tyler\Documents\Coding\Flask\cwmt\src\models\app_settings.py", "Python", 152, 0, 0, 0, 0, 0, 0, 0, 0, 0, 0, 122, 41, 315
"c:\Users\tyler\Documents\Coding\Flask\cwmt\src\models\course_folder\course_instances.py", "Python", 56, 0, 0, 0, 0, 0, 0, 0, 0, 0, 0, 18, 21, 95
"c:\Users\tyler\Documents\Coding\Flask\cwmt\src\models\course_folder\course_templates.py", "Python", 38, 0, 0, 0, 0, 0, 0, 0, 0, 0, 0, 10, 14, 62
"c:\Users\tyler\Documents\Coding\Flask\cwmt\src\models\course_folder\enrollments.py", "Python", 105, 0, 0, 0, 0, 0, 0, 0, 0, 0, 0, 29, 36, 170
"c:\Users\tyler\Documents\Coding\Flask\cwmt\src\models\course_folder\payable_templates.py", "Python", 25, 0, 0, 0, 0, 0, 0, 0, 0, 0, 0, 7, 11, 43
"c:\Users\tyler\Documents\Coding\Flask\cwmt\src\models\doorman.py", "Python", 61, 0, 0, 0, 0, 0, 0, 0, 0, 0, 0, 17, 24, 102
"c:\Users\tyler\Documents\Coding\Flask\cwmt\src\models\flask_mail\email_templates.py", "Python", 112, 0, 0, 0, 0, 0, 0, 0, 0, 0, 0, 107, 33, 252
"c:\Users\tyler\Documents\Coding\Flask\cwmt\src\models\logs.py", "Python", 231, 0, 0, 0, 0, 0, 0, 0, 0, 0, 0, 184, 50, 465
"c:\Users\tyler\Documents\Coding\Flask\cwmt\src\models\main.py", "Python", 42, 0, 0, 0, 0, 0, 0, 0, 0, 0, 0, 10, 13, 65
"c:\Users\tyler\Documents\Coding\Flask\cwmt\src\models\stripe\overview.md", "Markdown", 0, 0, 0, 0, 0, 82, 0, 0, 0, 0, 0, 0, 19, 101
"c:\Users\tyler\Documents\Coding\Flask\cwmt\src\models\stripe\payment_line_items.py", "Python", 55, 0, 0, 0, 0, 0, 0, 0, 0, 0, 0, 20, 23, 98
"c:\Users\tyler\Documents\Coding\Flask\cwmt\src\models\stripe\payments.py", "Python", 66, 0, 0, 0, 0, 0, 0, 0, 0, 0, 0, 20, 25, 111
"c:\Users\tyler\Documents\Coding\Flask\cwmt\src\models\stripe\stripe_webhook_events.py", "Python", 56, 0, 0, 0, 0, 0, 0, 0, 0, 0, 0, 19, 23, 98
"c:\Users\tyler\Documents\Coding\Flask\cwmt\src\models\user_folder\admins.py", "Python", 27, 0, 0, 0, 0, 0, 0, 0, 0, 0, 0, 9, 11, 47
"c:\Users\tyler\Documents\Coding\Flask\cwmt\src\models\user_folder\instructors.py", "Python", 27, 0, 0, 0, 0, 0, 0, 0, 0, 0, 0, 9, 11, 47
"c:\Users\tyler\Documents\Coding\Flask\cwmt\src\models\user_folder\students.py", "Python", 43, 0, 0, 0, 0, 0, 0, 0, 0, 0, 0, 14, 16, 73
"c:\Users\tyler\Documents\Coding\Flask\cwmt\src\models\user_folder\superusers.py", "Python", 27, 0, 0, 0, 0, 0, 0, 0, 0, 0, 0, 9, 11, 47
"c:\Users\tyler\Documents\Coding\Flask\cwmt\src\models\user_folder\users.py", "Python", 85, 0, 0, 0, 0, 0, 0, 0, 0, 0, 0, 21, 22, 128
"c:\Users\tyler\Documents\Coding\Flask\cwmt\src\services\admin_service.py", "Python", 201, 0, 0, 0, 0, 0, 0, 0, 0, 0, 0, 11, 61, 273
"c:\Users\tyler\Documents\Coding\Flask\cwmt\src\services\announcement_service.py", "Python", 100, 0, 0, 0, 0, 0, 0, 0, 0, 0, 0, 59, 31, 190
"c:\Users\tyler\Documents\Coding\Flask\cwmt\src\services\calendar.py", "Python", 34, 0, 0, 0, 0, 0, 0, 0, 0, 0, 0, 12, 8, 54
"c:\Users\tyler\Documents\Coding\Flask\cwmt\src\services\course_instance_service.py", "Python", 134, 0, 0, 0, 0, 0, 0, 0, 0, 0, 0, 81, 29, 244
"c:\Users\tyler\Documents\Coding\Flask\cwmt\src\services\course_template_service.py", "Python", 167, 0, 0, 0, 0, 0, 0, 0, 0, 0, 0, 84, 35, 286
"c:\Users\tyler\Documents\Coding\Flask\cwmt\src\services\database_manipulation.py", "Python", 46, 0, 0, 0, 0, 0, 0, 0, 0, 0, 0, 11, 19, 76
"c:\Users\tyler\Documents\Coding\Flask\cwmt\src\services\enrollment_service.py", "Python", 228, 0, 0, 0, 0, 0, 0, 0, 0, 0, 0, 110, 59, 397
"c:\Users\tyler\Documents\Coding\Flask\cwmt\src\services\flask_mail\email_config.py", "Python", 100, 0, 0, 0, 0, 0, 0, 0, 0, 0, 0, 8, 8, 116
"c:\Users\tyler\Documents\Coding\Flask\cwmt\src\services\flask_mail\email_service.py", "Python", 98, 0, 0, 0, 0, 0, 0, 0, 0, 0, 0, 57, 30, 185
"c:\Users\tyler\Documents\Coding\Flask\cwmt\src\services\flask_mail\email_template_service.py", "Python", 120, 0, 0, 0, 0, 0, 0, 0, 0, 0, 0, 132, 47, 299
"c:\Users\tyler\Documents\Coding\Flask\cwmt\src\services\instructor_service.py", "Python", 38, 0, 0, 0, 0, 0, 0, 0, 0, 0, 0, 35, 17, 90
"c:\Users\tyler\Documents\Coding\Flask\cwmt\src\services\main.py", "Python", 0, 0, 0, 0, 0, 0, 0, 0, 0, 0, 0, 0, 1, 1
"c:\Users\tyler\Documents\Coding\Flask\cwmt\src\services\payable_template_service.py", "Python", 40, 0, 0, 0, 0, 0, 0, 0, 0, 0, 0, 52, 19, 111
"c:\Users\tyler\Documents\Coding\Flask\cwmt\src\services\payment_service.py", "Python", 142, 0, 0, 0, 0, 0, 0, 0, 0, 0, 0, 70, 36, 248
"c:\Users\tyler\Documents\Coding\Flask\cwmt\src\services\superuser_service.py", "Python", 197, 0, 0, 0, 0, 0, 0, 0, 0, 0, 0, 110, 49, 356
"c:\Users\tyler\Documents\Coding\Flask\cwmt\src\static\css\bootstrap-overide.css", "PostCSS", 0, 0, 0, 0, 0, 0, 640, 0, 0, 0, 0, 29, 151, 820
"c:\Users\tyler\Documents\Coding\Flask\cwmt\src\static\css\components\animations.css", "PostCSS", 0, 0, 0, 0, 0, 0, 223, 0, 0, 0, 0, 16, 53, 292
"c:\Users\tyler\Documents\Coding\Flask\cwmt\src\static\css\components\buttons-badges.css", "PostCSS", 0, 0, 0, 0, 0, 0, 112, 0, 0, 0, 0, 4, 25, 141
"c:\Users\tyler\Documents\Coding\Flask\cwmt\src\static\css\components\calendar\calendar-events.css", "PostCSS", 0, 0, 0, 0, 0, 0, 91, 0, 0, 0, 0, 1, 15, 107
"c:\Users\tyler\Documents\Coding\Flask\cwmt\src\static\css\components\calendar\calendar-wizard.css", "PostCSS", 0, 0, 0, 0, 0, 0, 59, 0, 0, 0, 0, 1, 11, 71
"c:\Users\tyler\Documents\Coding\Flask\cwmt\src\static\css\components\calendar\calendar.css", "PostCSS", 0, 0, 0, 0, 0, 0, 52, 0, 0, 0, 0, 1, 10, 63
"c:\Users\tyler\Documents\Coding\Flask\cwmt\src\static\css\components\dashboard.css", "PostCSS", 0, 0, 0, 0, 0, 0, 247, 0, 0, 0, 0, 14, 47, 308
"c:\Users\tyler\Documents\Coding\Flask\cwmt\src\static\css\components\info_box.css", "PostCSS", 0, 0, 0, 0, 0, 0, 13, 0, 0, 0, 0, 0, 1, 14
"c:\Users\tyler\Documents\Coding\Flask\cwmt\src\static\css\components\navbar.css", "PostCSS", 0, 0, 0, 0, 0, 0, 210, 0, 0, 0, 0, 10, 33, 253
"c:\Users\tyler\Documents\Coding\Flask\cwmt\src\static\css\components\sticky-stack.css", "PostCSS", 0, 0, 0, 0, 0, 0, 48, 0, 0, 0, 0, 11, 11, 70
"c:\Users\tyler\Documents\Coding\Flask\cwmt\src\static\css\components\student-dashboard.css", "PostCSS", 0, 0, 0, 0, 0, 0, 483, 0, 0, 0, 0, 7, 95, 585
"c:\Users\tyler\Documents\Coding\Flask\cwmt\src\static\css\components\student-details.css", "PostCSS", 0, 0, 0, 0, 0, 0, 303, 0, 0, 0, 0, 8, 60, 371
"c:\Users\tyler\Documents\Coding\Flask\cwmt\src\static\css\components\student-enrollments.css", "PostCSS", 0, 0, 0, 0, 0, 0, 290, 0, 0, 0, 0, 11, 51, 352
"c:\Users\tyler\Documents\Coding\Flask\cwmt\src\static\css\components\student-navbar.css", "PostCSS", 0, 0, 0, 0, 0, 0, 162, 0, 0, 0, 0, 15, 33, 210
"c:\Users\tyler\Documents\Coding\Flask\cwmt\src\static\css\components\tabs.css", "PostCSS", 0, 0, 0, 0, 0, 0, 37, 0, 0, 0, 0, 2, 6, 45
"c:\Users\tyler\Documents\Coding\Flask\cwmt\src\static\css\email-forms.css", "PostCSS", 0, 0, 0, 0, 0, 0, 131, 0, 0, 0, 0, 9, 24, 164
"c:\Users\tyler\Documents\Coding\Flask\cwmt\src\static\css\email-management.css", "PostCSS", 0, 0, 0, 0, 0, 0, 161, 0, 0, 0, 0, 9, 36, 206
"c:\Users\tyler\Documents\Coding\Flask\cwmt\src\static\css\main.css", "PostCSS", 0, 0, 0, 0, 0, 0, 190, 0, 0, 0, 0, 24, 31, 245
"c:\Users\tyler\Documents\Coding\Flask\cwmt\src\static\css\modal.css", "PostCSS", 0, 0, 0, 0, 0, 0, 128, 0, 0, 0, 0, 7, 23, 158
"c:\Users\tyler\Documents\Coding\Flask\cwmt\src\static\css\pages\landing.css", "PostCSS", 0, 0, 0, 0, 0, 0, 690, 0, 0, 0, 0, 30, 134, 854
"c:\Users\tyler\Documents\Coding\Flask\cwmt\src\static\css\utilities.css", "PostCSS", 0, 0, 0, 0, 0, 0, 171, 0, 0, 0, 0, 17, 42, 230
"c:\Users\tyler\Documents\Coding\Flask\cwmt\src\static\js\components\calendar\calendar-admin.js", "JavaScript", 0, 0, 0, 0, 329, 0, 0, 0, 0, 0, 0, 14, 21, 364
"c:\Users\tyler\Documents\Coding\Flask\cwmt\src\static\js\components\calendar\calendar-core.js", "JavaScript", 0, 0, 0, 0, 129, 0, 0, 0, 0, 0, 0, 29, 21, 179
"c:\Users\tyler\Documents\Coding\Flask\cwmt\src\static\js\components\calendar\calendar-events.js", "JavaScript", 0, 0, 0, 0, 203, 0, 0, 0, 0, 0, 0, 38, 35, 276
"c:\Users\tyler\Documents\Coding\Flask\cwmt\src\static\js\components\calendar\calendar-instructor.js", "JavaScript", 0, 0, 0, 0, 208, 0, 0, 0, 0, 0, 0, 28, 31, 267
"c:\Users\tyler\Documents\Coding\Flask\cwmt\src\static\js\components\calendar\calendar-student.js", "JavaScript", 0, 0, 0, 0, 247, 0, 0, 0, 0, 0, 0, 27, 26, 300
"c:\Users\tyler\Documents\Coding\Flask\cwmt\src\static\js\main.js", "JavaScript", 0, 0, 0, 0, 18, 0, 0, 0, 0, 0, 0, 2, 4, 24
"c:\Users\tyler\Documents\Coding\Flask\cwmt\src\static\js\modal.js", "JavaScript", 0, 0, 0, 0, 220, 0, 0, 0, 0, 0, 0, 28, 47, 295
"c:\Users\tyler\Documents\Coding\Flask\cwmt\src\templates\bases\nonstudents.html", "HTML", 0, 0, 0, 0, 0, 0, 0, 240, 0, 0, 0, 0, 39, 279
"c:\Users\tyler\Documents\Coding\Flask\cwmt\src\templates\bases\private.html", "HTML", 0, 0, 0, 0, 0, 0, 0, 7, 0, 0, 0, 0, 2, 9
"c:\Users\tyler\Documents\Coding\Flask\cwmt\src\templates\bases\public.html", "HTML", 0, 0, 0, 0, 0, 0, 0, 23, 0, 0, 0, 3, 9, 35
"c:\Users\tyler\Documents\Coding\Flask\cwmt\src\templates\components\calendar_base.html", "HTML", 0, 0, 0, 0, 0, 0, 0, 401, 0, 0, 0, 2, 69, 472
"c:\Users\tyler\Documents\Coding\Flask\cwmt\src\templates\components\flash_messages.html", "HTML", 0, 0, 0, 0, 0, 0, 0, 150, 0, 0, 0, 0, 17, 167
"c:\Users\tyler\Documents\Coding\Flask\cwmt\src\templates\components\testing\roles.html", "HTML", 0, 0, 0, 0, 0, 0, 0, 39, 0, 0, 0, 1, 0, 40
"c:\Users\tyler\Documents\Coding\Flask\cwmt\src\templates\errors\404.html", "HTML", 0, 0, 0, 0, 0, 0, 0, 17, 0, 0, 0, 0, 2, 19
"c:\Users\tyler\Documents\Coding\Flask\cwmt\src\templates\errors\500.html", "HTML", 0, 0, 0, 0, 0, 0, 0, 17, 0, 0, 0, 0, 2, 19
"c:\Users\tyler\Documents\Coding\Flask\cwmt\src\templates\private\admins\announcements\index.html", "HTML", 0, 0, 0, 0, 0, 0, 0, 320, 0, 0, 0, 8, 35, 363
"c:\Users\tyler\Documents\Coding\Flask\cwmt\src\templates\private\admins\components\mobile_calendar_admin.html", "HTML", 0, 0, 0, 0, 0, 0, 0, 473, 0, 0, 0, 1, 67, 541
"c:\Users\tyler\Documents\Coding\Flask\cwmt\src\templates\private\admins\components\navbar.html", "HTML", 0, 0, 0, 0, 0, 0, 0, 17, 0, 0, 0, 2, 0, 19
"c:\Users\tyler\Documents\Coding\Flask\cwmt\src\templates\private\admins\courses\index.html", "HTML", 0, 0, 0, 0, 0, 0, 0, 17, 0, 0, 0, 1, 4, 22
"c:\Users\tyler\Documents\Coding\Flask\cwmt\src\templates\private\admins\courses\view_instance.html", "HTML", 0, 0, 0, 0, 0, 0, 0, 621, 0, 0, 0, 12, 72, 705
"c:\Users\tyler\Documents\Coding\Flask\cwmt\src\templates\private\admins\dashboard\components\quick_actions.html", "HTML", 0, 0, 0, 0, 0, 0, 0, 283, 0, 0, 0, 2, 39, 324
"c:\Users\tyler\Documents\Coding\Flask\cwmt\src\templates\private\admins\dashboard\components\stats_cards.html", "HTML", 0, 0, 0, 0, 0, 0, 0, 301, 0, 0, 0, 5, 35, 341
"c:\Users\tyler\Documents\Coding\Flask\cwmt\src\templates\private\admins\dashboard\index.html", "HTML", 0, 0, 0, 0, 0, 0, 0, 102, 0, 0, 0, 0, 17, 119
"c:\Users\tyler\Documents\Coding\Flask\cwmt\src\templates\private\admins\enrollments\create.html", "HTML", 0, 0, 0, 0, 0, 0, 0, 218, 0, 0, 0, 9, 28, 255
"c:\Users\tyler\Documents\Coding\Flask\cwmt\src\templates\private\admins\logs\index.html", "HTML", 0, 0, 0, 0, 0, 0, 0, 360, 0, 0, 0, 6, 16, 382
"c:\Users\tyler\Documents\Coding\Flask\cwmt\src\templates\private\admins\payments\details.html", "HTML", 0, 0, 0, 0, 0, 0, 0, 361, 0, 0, 0, 8, 39, 408
"c:\Users\tyler\Documents\Coding\Flask\cwmt\src\templates\private\admins\students\details.html", "HTML", 0, 0, 0, 0, 0, 0, 0, 432, 0, 0, 0, 5, 9, 446
"c:\Users\tyler\Documents\Coding\Flask\cwmt\src\templates\private\admins\students\details_backup.html", "HTML", 0, 0, 0, 0, 0, 0, 0, 851, 0, 0, 0, 3, 86, 940
"c:\Users\tyler\Documents\Coding\Flask\cwmt\src\templates\private\admins\students\index.html", "HTML", 0, 0, 0, 0, 0, 0, 0, 627, 0, 0, 0, 3, 84, 714
"c:\Users\tyler\Documents\Coding\Flask\cwmt\src\templates\private\components\calendar.html", "HTML", 0, 0, 0, 0, 0, 0, 0, 81, 0, 0, 0, 2, 12, 95
"c:\Users\tyler\Documents\Coding\Flask\cwmt\src\templates\private\components\mobile_calendar.html", "HTML", 0, 0, 0, 0, 0, 0, 0, 955, 0, 0, 0, 5, 160, 1120
"c:\Users\tyler\Documents\Coding\Flask\cwmt\src\templates\private\components\nav\default.html", "HTML", 0, 0, 0, 0, 0, 0, 0, 7, 0, 0, 0, 0, 0, 7
"c:\Users\tyler\Documents\Coding\Flask\cwmt\src\templates\private\components\nav\role_switcher.html", "HTML", 0, 0, 0, 0, 0, 0, 0, 138, 0, 0, 0, 0, 18, 156
"c:\Users\tyler\Documents\Coding\Flask\cwmt\src\templates\private\flask_mail\form.html", "HTML", 0, 0, 0, 0, 0, 0, 0, 348, 0, 0, 0, 7, 56, 411
"c:\Users\tyler\Documents\Coding\Flask\cwmt\src\templates\private\flask_mail\management.html", "HTML", 0, 0, 0, 0, 0, 0, 0, 144, 0, 0, 0, 6, 13, 163
"c:\Users\tyler\Documents\Coding\Flask\cwmt\src\templates\private\flask_mail\preview.html", "HTML", 0, 0, 0, 0, 0, 0, 0, 340, 0, 0, 0, 10, 56, 406
"c:\Users\tyler\Documents\Coding\Flask\cwmt\src\templates\private\instructors\components\mobile_calendar_instructor.html", "HTML", 0, 0, 0, 0, 0, 0, 0, 418, 0, 0, 0, 2, 70, 490
"c:\Users\tyler\Documents\Coding\Flask\cwmt\src\templates\private\instructors\components\navbar.html", "HTML", 0, 0, 0, 0, 0, 0, 0, 10, 0, 0, 0, 3, 0, 13
"c:\Users\tyler\Documents\Coding\Flask\cwmt\src\templates\private\instructors\courses\index.html", "HTML", 0, 0, 0, 0, 0, 0, 0, 14, 0, 0, 0, 0, 4, 18
"c:\Users\tyler\Documents\Coding\Flask\cwmt\src\templates\private\instructors\dashboard\index.html", "HTML", 0, 0, 0, 0, 0, 0, 0, 10, 0, 0, 0, 0, 4, 14
"c:\Users\tyler\Documents\Coding\Flask\cwmt\src\templates\private\students\checkout\failed.html", "HTML", 0, 0, 0, 0, 0, 0, 0, 65, 0, 0, 0, 7, 10, 82
"c:\Users\tyler\Documents\Coding\Flask\cwmt\src\templates\private\students\checkout\index copy.html", "HTML", 0, 0, 0, 0, 0, 0, 0, 156, 0, 0, 0, 2, 26, 184
"c:\Users\tyler\Documents\Coding\Flask\cwmt\src\templates\private\students\checkout\index.html", "HTML", 0, 0, 0, 0, 0, 0, 0, 303, 0, 0, 0, 6, 42, 351
"c:\Users\tyler\Documents\Coding\Flask\cwmt\src\templates\private\students\checkout\success.html", "HTML", 0, 0, 0, 0, 0, 0, 0, 123, 0, 0, 0, 8, 11, 142
"c:\Users\tyler\Documents\Coding\Flask\cwmt\src\templates\private\students\components\calendar.html", "HTML", 0, 0, 0, 0, 0, 0, 0, 334, 0, 0, 0, 4, 46, 384
"c:\Users\tyler\Documents\Coding\Flask\cwmt\src\templates\private\students\components\mobile_calendar_student.html", "HTML", 0, 0, 0, 0, 0, 0, 0, 429, 0, 0, 0, 2, 72, 503
"c:\Users\tyler\Documents\Coding\Flask\cwmt\src\templates\private\students\components\navbar.html", "HTML", 0, 0, 0, 0, 0, 0, 0, 77, 0, 0, 0, 3, 6, 86
"c:\Users\tyler\Documents\Coding\Flask\cwmt\src\templates\private\students\dashboard\index.html", "HTML", 0, 0, 0, 0, 0, 0, 0, 356, 0, 0, 0, 5, 33, 394
"c:\Users\tyler\Documents\Coding\Flask\cwmt\src\templates\private\students\enrollments\details.html", "HTML", 0, 0, 0, 0, 0, 0, 0, 246, 0, 0, 0, 13, 29, 288
"c:\Users\tyler\Documents\Coding\Flask\cwmt\src\templates\private\students\enrollments\index.html", "HTML", 0, 0, 0, 0, 0, 0, 0, 162, 0, 0, 0, 9, 16, 187
"c:\Users\tyler\Documents\Coding\Flask\cwmt\src\templates\private\students\settings\index.html", "HTML", 0, 0, 0, 0, 0, 0, 0, 51, 0, 0, 0, 5, 7, 63
"c:\Users\tyler\Documents\Coding\Flask\cwmt\src\templates\private\students\settings\tabs\account.html", "HTML", 0, 0, 0, 0, 0, 0, 0, 62, 0, 0, 0, 1, 2, 65
"c:\Users\tyler\Documents\Coding\Flask\cwmt\src\templates\private\students\settings\tabs\password.html", "HTML", 0, 0, 0, 0, 0, 0, 0, 30, 0, 0, 0, 0, 4, 34
"c:\Users\tyler\Documents\Coding\Flask\cwmt\src\templates\private\students\settings\tabs\profile.html", "HTML", 0, 0, 0, 0, 0, 0, 0, 35, 0, 0, 0, 0, 5, 40
"c:\Users\tyler\Documents\Coding\Flask\cwmt\src\templates\private\superusers\components\mobile_calendar_superuser.html", "HTML", 0, 0, 0, 0, 0, 0, 0, 501, 0, 0, 0, 3, 85, 589
"c:\Users\tyler\Documents\Coding\Flask\cwmt\src\templates\private\superusers\components\navbar.html", "HTML", 0, 0, 0, 0, 0, 0, 0, 16, 0, 0, 0, 3, 0, 19
"c:\Users\tyler\Documents\Coding\Flask\cwmt\src\templates\private\superusers\course_templates\index.html", "HTML", 0, 0, 0, 0, 0, 0, 0, 343, 0, 0, 0, 4, 55, 402
"c:\Users\tyler\Documents\Coding\Flask\cwmt\src\templates\private\superusers\dashboard\index.html", "HTML", 0, 0, 0, 0, 0, 0, 0, 9, 0, 0, 0, 0, 4, 13
"c:\Users\tyler\Documents\Coding\Flask\cwmt\src\templates\private\superusers\payables\index.html", "HTML", 0, 0, 0, 0, 0, 0, 0, 212, 0, 0, 0, 4, 32, 248
"c:\Users\tyler\Documents\Coding\Flask\cwmt\src\templates\private\superusers\settings\index.html", "HTML", 0, 0, 0, 0, 0, 0, 0, 109, 0, 0, 0, 3, 13, 125
"c:\Users\tyler\Documents\Coding\Flask\cwmt\src\templates\private\superusers\settings\tabs\email.html", "HTML", 0, 0, 0, 0, 0, 0, 0, 100, 0, 0, 0, 0, 11, 111
"c:\Users\tyler\Documents\Coding\Flask\cwmt\src\templates\private\superusers\users\add_to_role.html", "HTML", 0, 0, 0, 0, 0, 0, 0, 99, 0, 0, 0, 1, 7, 107
"c:\Users\tyler\Documents\Coding\Flask\cwmt\src\templates\private\superusers\users\index.html", "HTML", 0, 0, 0, 0, 0, 0, 0, 132, 0, 0, 0, 0, 16, 148
"c:\Users\tyler\Documents\Coding\Flask\cwmt\src\templates\private\superusers\users\manage_roles.html", "HTML", 0, 0, 0, 0, 0, 0, 0, 136, 0, 0, 0, 4, 8, 148
"c:\Users\tyler\Documents\Coding\Flask\cwmt\src\templates\public\auth\dev.html", "HTML", 0, 0, 0, 0, 0, 0, 0, 468, 0, 0, 0, 4, 69, 541
"c:\Users\tyler\Documents\Coding\Flask\cwmt\src\templates\public\auth\loginReg.html", "HTML", 0, 0, 0, 0, 0, 0, 0, 552, 0, 0, 0, 3, 82, 637
"c:\Users\tyler\Documents\Coding\Flask\cwmt\src\templates\public\auth\signup.html", "HTML", 0, 0, 0, 0, 0, 0, 0, 103, 0, 0, 0, 2, 15, 120
"c:\Users\tyler\Documents\Coding\Flask\cwmt\src\templates\public\components\calendar.html", "HTML", 0, 0, 0, 0, 0, 0, 0, 244, 0, 0, 0, 1, 32, 277
"c:\Users\tyler\Documents\Coding\Flask\cwmt\src\templates\public\components\navbar.html", "HTML", 0, 0, 0, 0, 0, 0, 0, 36, 0, 0, 0, 0, 0, 36
"c:\Users\tyler\Documents\Coding\Flask\cwmt\src\templates\public\courses\index.html", "HTML", 0, 0, 0, 0, 0, 0, 0, 161, 0, 0, 0, 4, 21, 186
"c:\Users\tyler\Documents\Coding\Flask\cwmt\src\templates\public\landing\components\FAQ.html", "HTML", 0, 0, 0, 0, 0, 0, 0, 191, 0, 0, 0, 14, 14, 219
"c:\Users\tyler\Documents\Coding\Flask\cwmt\src\templates\public\landing\components\banner.html", "HTML", 0, 0, 0, 0, 0, 0, 0, 66, 0, 0, 0, 0, 9, 75
"c:\Users\tyler\Documents\Coding\Flask\cwmt\src\templates\public\landing\components\hero.html", "HTML", 0, 0, 0, 0, 0, 0, 0, 619, 0, 0, 0, 9, 91, 719
"c:\Users\tyler\Documents\Coding\Flask\cwmt\src\templates\public\landing\components\how_it_works.html", "HTML", 0, 0, 0, 0, 0, 0, 0, 142, 0, 0, 0, 10, 9, 161
"c:\Users\tyler\Documents\Coding\Flask\cwmt\src\templates\public\landing\components\social_proof.html", "HTML", 0, 0, 0, 0, 0, 0, 0, 539, 0, 0, 0, 5, 55, 599
"c:\Users\tyler\Documents\Coding\Flask\cwmt\src\templates\public\landing\index.html", "HTML", 0, 0, 0, 0, 0, 0, 0, 19, 0, 0, 0, 0, 2, 21
"c:\Users\tyler\Documents\Coding\Flask\cwmt\src\utils\custom_decorators.py", "Python", 74, 0, 0, 0, 0, 0, 0, 0, 0, 0, 0, 34, 29, 137
"c:\Users\tyler\Documents\Coding\Flask\cwmt\src\utils\encryption.py", "Python", 28, 0, 0, 0, 0, 0, 0, 0, 0, 0, 0, 29, 12, 69
"c:\Users\tyler\Documents\Coding\Flask\cwmt\src\utils\password_management.py", "Python", 30, 0, 0, 0, 0, 0, 0, 0, 0, 0, 0, 29, 11, 70
"Total", "-", 6334, 16, 19, 32, 1354, 1785, 4441, 15568, 38, 3, 17, 2706, 5315, 37628